epoch,train_loss,train_obj_p2,train_obj_p3,train_obj_p4,train_bbox_p2,train_bbox_p3,train_bbox_p4,val_obj_p2,val_obj_p3,val_obj_p4,val_f1_p2,val_f1_p3,val_f1_p4,out_max_p4,out_std_p4,cells_above_03_p4,head_bias_p4,grad_norm,lr,epoch_time_s,gpu_mem_mb,mined
21,1.1204,0.0000,0.1351,0.8727,0.0497,0.0492,0.0150,0.2805,0.1236,0.8418,0.0000,0.2197,0.4097,0.0000,0.0000,0.0,-1.1006,3.7856,0.00477129,232.53,4365.5,0
22,1.1116,0.0000,0.1317,0.8671,0.0489,0.0493,0.0147,0.2802,0.1201,0.8536,0.0000,0.1872,0.3949,0.0000,0.0000,0.0,-1.1027,3.7862,0.00474258,217.37,4365.5,0
23,1.1095,0.0000,0.1288,0.8678,0.0506,0.0491,0.0146,0.2812,0.1237,0.8566,0.0000,0.1554,0.3761,0.0000,0.0000,0.0,-1.0750,3.7890,0.00471226,207.92,4365.5,0
24,1.1016,0.0000,0.1279,0.8636,0.0487,0.0483,0.0147,0.2788,0.1121,0.8274,0.0000,0.2467,0.4360,0.0000,0.0000,0.0,-1.0570,3.7068,0.00468035,196.79,4404.8,0
25,1.0940,0.0000,0.1247,0.8577,0.0487,0.0483,0.0145,0.2802,0.1150,0.8500,0.0000,0.2810,0.3918,0.0000,0.0000,0.0,-1.0557,3.7851,0.00464687,202.60,4404.8,0
26,1.0918,0.0000,0.1232,0.8572,0.0488,0.0484,0.0143,0.2811,0.1088,0.8298,0.0000,0.2391,0.4438,0.0000,0.0000,0.0,-1.0339,3.6849,0.00461184,203.49,4404.8,0
27,1.0872,0.0000,0.1221,0.8540,0.0487,0.0485,0.0139,0.2790,0.1111,0.8301,0.0000,0.1789,0.3990,0.0000,0.0000,0.0,-1.0097,3.8045,0.00457529,200.15,4365.5,0
28,1.0822,0.0000,0.1209,0.8508,0.0483,0.0482,0.0140,0.2768,0.1144,0.8240,0.0000,0.1698,0.4110,0.0000,0.0000,0.0,-1.0085,3.7354,0.00453725,204.13,4404.8,0
29,1.0808,0.0000,0.1208,0.8525,0.0487,0.0481,0.0143,0.2755,0.1067,0.8438,0.0000,0.2324,0.3560,0.0000,0.0000,0.0,-0.9833,3.6677,0.00449775,204.95,4365.5,0
30,1.0773,0.0000,0.1185,0.8483,0.0487,0.0480,0.0138,0.2772,0.1093,0.8149,0.0000,0.2869,0.4231,0.5952,0.0036,0.9,-0.9798,3.7453,0.00445680,210.99,4404.8,0
31,1.2000,0.1039,0.1186,0.8481,0.0620,0.0528,0.0146,0.0750,0.1052,0.8268,0.1301,0.2544,0.4047,0.0000,0.0000,0.0,-0.9657,4.1745,0.00441445,206.85,4090.3,0
32,1.1555,0.0821,0.1170,0.8423,0.0527,0.0496,0.0140,0.0748,0.1048,0.8240,0.0972,0.2452,0.4339,0.0000,0.0000,0.0,-0.9490,4.0492,0.00437072,205.92,4090.3,0
33,1.1506,0.0786,0.1162,0.8415,0.0508,0.0494,0.0141,0.0697,0.1014,0.8168,0.1252,0.2294,0.4469,0.0000,0.0000,0.0,-0.9442,3.9688,0.00432565,217.14,4090.3,0
34,1.1425,0.0768,0.1143,0.8384,0.0497,0.0493,0.0140,0.0769,0.1019,0.8140,0.1955,0.2683,0.4086,0.0000,0.0000,0.0,-0.9350,3.9606,0.00427926,208.17,4050.9,0
35,1.1428,0.0767,0.1139,0.8386,0.0507,0.0493,0.0136,0.0692,0.1036,0.8387,0.1352,0.2337,0.4395,0.0000,0.0000,0.0,-0.9238,3.9755,0.00423159,208.79,4090.3,0
36,1.1371,0.0738,0.1135,0.8372,0.0500,0.0489,0.0136,0.0725,0.1018,0.8158,0.1820,0.2042,0.4097,0.0000,0.0000,0.0,-0.9168,3.9054,0.00418268,209.89,4050.9,0
37,1.1286,0.0728,0.1120,0.8347,0.0495,0.0485,0.0136,0.0676,0.0990,0.8158,0.1550,0.2191,0.4659,0.0000,0.0000,0.0,-0.9092,3.8652,0.00413256,220.66,4050.9,0
38,1.1280,0.0718,0.1120,0.8357,0.0493,0.0484,0.0136,0.0648,0.0990,0.8157,0.1277,0.2092,0.3866,0.0000,0.0000,0.0,-0.9045,3.8636,0.00408126,198.84,4090.3,0
39,1.1233,0.0703,0.1109,0.8317,0.0485,0.0483,0.0135,0.0665,0.0993,0.8216,0.1134,0.2188,0.4457,0.0000,0.0000,0.0,-0.8901,3.8771,0.00402883,198.21,4090.3,0
40,1.1205,0.0691,0.1104,0.8299,0.0492,0.0486,0.0132,0.0633,0.0990,0.8126,0.1379,0.2089,0.3891,0.1580,0.0017,0.0,-0.8887,3.8382,0.00397529,199.49,4090.3,0
41,1.1147,0.0688,0.1087,0.8277,0.0482,0.0481,0.0132,0.0721,0.0993,0.8175,0.0858,0.1972,0.3876,0.0000,0.0000,0.0,-0.8776,3.8288,0.00392070,198.51,4090.3,0
42,1.1124,0.0690,0.1089,0.8272,0.0478,0.0480,0.0134,0.0625,0.0988,0.8043,0.1497,0.2607,0.4142,0.0000,0.0000,0.0,-0.8815,3.7708,0.00386508,198.93,4050.9,0
43,1.1129,0.0671,0.1088,0.8263,0.0491,0.0483,0.0133,0.0631,0.0975,0.8088,0.1459,0.2135,0.3850,0.0000,0.0000,0.0,-0.8730,3.8360,0.00380848,197.93,4050.9,0
44,1.1085,0.0669,0.1079,0.8249,0.0479,0.0477,0.0132,0.0634,0.0969,0.8106,0.1545,0.2265,0.4413,0.0000,0.0000,0.0,-0.8802,3.7712,0.00375095,195.94,4050.9,0
45,1.1064,0.0666,0.1071,0.8225,0.0492,0.0479,0.0132,0.0634,0.1015,0.8046,0.1318,0.1805,0.4452,0.0000,0.0000,0.0,-0.8627,3.8308,0.00369251,199.55,4090.3,0
46,1.1031,0.0657,0.1066,0.8215,0.0483,0.0478,0.0131,0.0629,0.0959,0.8124,0.1572,0.2294,0.4106,0.0000,0.0000,0.0,-0.8494,3.8163,0.00363322,202.09,4050.9,0
47,1.1017,0.0655,0.1066,0.8206,0.0481,0.0479,0.0130,0.0649,0.0968,0.8066,0.1451,0.2181,0.4512,0.0000,0.0000,0.0,-0.8510,3.8145,0.00357311,212.53,4090.3,0
48,1.0980,0.0651,0.1060,0.8195,0.0474,0.0473,0.0127,0.0737,0.0987,0.8033,0.0822,0.2086,0.4293,0.0000,0.0000,0.0,-0.8409,3.7657,0.00351223,204.99,4090.3,0
49,1.0900,0.0635,0.1048,0.8170,0.0485,0.0475,0.0130,0.0618,0.0952,0.7983,0.1617,0.2547,0.4312,0.0000,0.0000,0.0,-0.8458,3.7792,0.00345062,210.27,4050.9,0
50,1.0938,0.0643,0.1052,0.8162,0.0475,0.0476,0.0130,0.0608,0.0956,0.8035,0.1456,0.2489,0.4572,0.6151,0.0069,12.1,-0.8365,3.8150,0.00338834,216.66,4090.3,0
51,1.0929,0.0634,0.1059,0.8160,0.0477,0.0469,0.0130,0.0623,0.0959,0.8122,0.1723,0.2473,0.3788,0.0000,0.0000,0.0,-0.8215,3.7495,0.00332541,217.74,4090.3,0
52,1.0910,0.0633,0.1043,0.8157,0.0478,0.0473,0.0126,0.0613,0.0955,0.8087,0.1686,0.2123,0.4051,0.0000,0.0000,0.0,-0.8166,3.7252,0.00326189,218.84,4050.9,0
53,1.0868,0.0626,0.1042,0.8130,0.0471,0.0472,0.0126,0.0609,0.0969,0.7958,0.1559,0.2739,0.4265,0.0000,0.0000,0.0,-0.8120,3.6727,0.00319783,295.71,4090.3,0
54,1.0841,0.0628,0.1040,0.8113,0.0473,0.0474,0.0126,0.0620,0.0961,0.7974,0.1672,0.2865,0.4208,0.0000,0.0000,0.0,-0.8116,3.7576,0.00313326,272.73,4050.9,0
55,1.0833,0.0622,0.1035,0.8111,0.0469,0.0470,0.0125,0.0598,0.0945,0.8022,0.1292,0.2267,0.4676,0.0000,0.0000,0.0,-0.8088,3.7489,0.00306825,247.38,4050.9,0
56,1.0807,0.0620,0.1026,0.8092,0.0473,0.0472,0.0124,0.0648,0.0967,0.7995,0.2039,0.2850,0.4681,0.0000,0.0000,0.0,-0.7979,3.7105,0.00300282,238.08,4050.9,0
57,1.0775,0.0621,0.1024,0.8077,0.0472,0.0467,0.0124,0.0602,0.0946,0.8007,0.1567,0.2467,0.4097,0.0000,0.0000,0.0,-0.7928,3.7494,0.00293704,209.71,4090.3,0
58,1.0775,0.0617,0.1019,0.8083,0.0470,0.0464,0.0122,0.0606,0.0945,0.7940,0.1364,0.2205,0.4474,0.0000,0.0000,0.0,-0.7888,3.7637,0.00287094,225.17,4050.9,0
59,1.0751,0.0603,0.1027,0.8073,0.0467,0.0469,0.0125,0.0619,0.0958,0.8019,0.1211,0.2181,0.4156,0.0000,0.0000,0.0,-0.7792,3.7568,0.00280458,213.89,4090.3,0
60,1.0723,0.0614,0.1028,0.8045,0.0470,0.0467,0.0121,0.0630,0.0952,0.8012,0.1960,0.2653,0.4611,0.8602,0.0143,24.5,-0.7777,3.6820,0.00273800,201.01,4090.3,0
61,1.0740,0.0610,0.1020,0.8052,0.0471,0.0465,0.0123,0.0610,0.0941,0.7977,0.1782,0.2477,0.4473,0.0000,0.0000,0.0,-0.7754,3.7574,0.00267125,222.20,4090.3,0
62,1.0686,0.0596,0.1016,0.8017,0.0467,0.0467,0.0123,0.0589,0.0928,0.7937,0.1311,0.2489,0.4483,0.0000,0.0000,0.0,-0.7658,3.7563,0.00260439,220.25,4050.9,0
63,1.0696,0.0603,0.1009,0.8044,0.0469,0.0467,0.0121,0.0594,0.0948,0.7908,0.1246,0.2062,0.4277,0.0000,0.0000,0.0,-0.7622,3.7302,0.00253745,231.76,4090.3,0
64,1.0678,0.0598,0.1012,0.8020,0.0462,0.0465,0.0121,0.0622,0.0954,0.7929,0.1879,0.2886,0.4399,0.0000,0.0000,0.0,-0.7529,3.7062,0.00247048,231.51,4090.3,0
65,1.0636,0.0598,0.1009,0.7982,0.0459,0.0467,0.0122,0.0586,0.0949,0.8001,0.1463,0.2561,0.4854,0.0000,0.0000,0.0,-0.7584,3.7278,0.00240354,206.80,4050.9,0
66,1.0608,0.0610,0.1002,0.7975,0.0470,0.0465,0.0120,0.0603,0.0961,0.8000,0.1739,0.2091,0.4115,0.0000,0.0000,0.0,-0.7516,3.6884,0.00233668,202.33,4050.9,0
67,1.0642,0.0597,0.1004,0.7990,0.0468,0.0465,0.0118,0.0585,0.0955,0.7929,0.1623,0.1986,0.4334,0.0000,0.0000,0.0,-0.7492,3.6869,0.00226993,200.46,4090.3,0
68,1.0631,0.0591,0.0994,0.7992,0.0469,0.0465,0.0120,0.0574,0.0925,0.7980,0.1450,0.2344,0.3954,0.0000,0.0000,0.0,-0.7430,3.8096,0.00220335,198.40,4050.9,0
69,1.0588,0.0589,0.1001,0.7958,0.0460,0.0462,0.0118,0.0606,0.0928,0.7921,0.1155,0.2245,0.4206,0.0000,0.0000,0.0,-0.7406,3.6679,0.00213699,202.18,4090.3,0
70,1.0593,0.0590,0.0986,0.7970,0.0466,0.0463,0.0118,0.0584,0.0923,0.7938,0.1545,0.2476,0.4609,1.0000,0.0934,2582.8,-0.7405,3.7553,0.00207089,217.86,4050.9,0
71,1.0562,0.0587,0.0995,0.7945,0.0468,0.0461,0.0117,0.0617,0.0929,0.7973,0.1963,0.2587,0.4037,0.0000,0.0000,0.0,-0.7352,3.6722,0.00200511,224.85,4090.3,0
72,1.0541,0.0590,0.0993,0.7945,0.0452,0.0462,0.0117,0.0588,0.0948,0.7904,0.1748,0.2911,0.4368,0.0000,0.0000,0.0,-0.7345,3.7369,0.00193968,218.92,4050.9,0
73,1.0544,0.0580,0.0995,0.7935,0.0461,0.0459,0.0115,0.0571,0.0932,0.7897,0.1420,0.2513,0.4325,0.0000,0.0000,0.0,-0.7342,3.7427,0.00187466,216.48,4090.3,0
74,1.0551,0.0585,0.0987,0.7937,0.0465,0.0460,0.0116,0.0579,0.0918,0.7948,0.1261,0.2369,0.3999,0.0000,0.0000,0.0,-0.7288,3.6717,0.00181010,214.91,4050.9,0
75,1.0546,0.0574,0.0987,0.7944,0.0464,0.0461,0.0115,0.0601,0.0922,0.7886,0.1789,0.2434,0.4434,0.0000,0.0000,0.0,-0.7265,3.7551,0.00174604,212.37,4050.9,0
76,1.0487,0.0572,0.0974,0.7910,0.0457,0.0459,0.0116,0.0587,0.0937,0.7915,0.1676,0.2669,0.4150,0.0000,0.0000,0.0,-0.7289,3.7085,0.00168252,213.97,4090.3,0
77,1.0492,0.0582,0.0983,0.7915,0.0460,0.0459,0.0115,0.0592,0.0935,0.7887,0.1683,0.2764,0.4211,0.0000,0.0000,0.0,-0.7233,3.7678,0.00161959,211.99,4050.9,0
78,1.0469,0.0571,0.0977,0.7898,0.0454,0.0455,0.0115,0.0574,0.0930,0.7890,0.1517,0.2078,0.4229,0.0000,0.0000,0.0,-0.7222,3.7248,0.00155730,210.92,4090.3,0
79,1.0477,0.0572,0.0973,0.7903,0.0459,0.0456,0.0115,0.0585,0.0921,0.7860,0.1744,0.2161,0.4232,0.0000,0.0000,0.0,-0.7188,3.7138,0.00149570,209.89,4090.3,0
80,1.0446,0.0571,0.0971,0.7883,0.0449,0.0457,0.0113,0.0602,0.0919,0.7878,0.1771,0.2652,0.4439,1.0000,0.2100,17913.1,-0.7197,3.6834,0.00143482,202.34,4050.9,0
81,1.0440,0.0572,0.0978,0.7866,0.0452,0.0457,0.0114,0.0579,0.0916,0.7856,0.1659,0.2381,0.4394,0.0000,0.0000,0.0,-0.7182,3.7094,0.00137471,199.05,4090.3,0
82,1.0417,0.0569,0.0976,0.7881,0.0455,0.0456,0.0113,0.0581,0.0913,0.7844,0.1659,0.2326,0.4324,0.0000,0.0000,0.0,-0.7229,3.6979,0.00131542,196.93,4090.3,0
83,1.0434,0.0561,0.0969,0.7877,0.0459,0.0455,0.0113,0.0570,0.0921,0.7834,0.1485,0.2700,0.4369,0.0000,0.0000,0.0,-0.7164,3.7777,0.00125698,199.17,4050.9,0
84,1.0435,0.0564,0.0963,0.7887,0.0451,0.0457,0.0112,0.0572,0.0914,0.7855,0.1537,0.2468,0.4207,0.0000,0.0000,0.0,-0.7122,3.7647,0.00119944,198.35,4050.9,0
85,1.0433,0.0568,0.0968,0.7875,0.0454,0.0456,0.0112,0.0588,0.0919,0.7834,0.1727,0.2588,0.4370,0.0000,0.0000,0.0,-0.7135,3.7448,0.00114285,202.39,4050.9,0
86,1.0370,0.0558,0.0960,0.7831,0.0457,0.0454,0.0111,0.0573,0.0917,0.7846,0.1372,0.2239,0.4300,0.0000,0.0000,0.0,-0.7077,3.7011,0.00108723,197.93,4050.9,0
87,1.0357,0.0560,0.0969,0.7833,0.0455,0.0455,0.0110,0.0573,0.0921,0.7830,0.1605,0.2793,0.4269,0.0000,0.0000,0.0,-0.7069,3.7628,0.00103264,197.90,4050.9,0
88,1.0385,0.0560,0.0968,0.7853,0.0457,0.0454,0.0110,0.0576,0.0913,0.7869,0.1661,0.2524,0.4607,0.0000,0.0000,0.0,-0.7112,3.7497,0.00097910,199.54,4090.3,0
89,1.0361,0.0560,0.0963,0.7817,0.0454,0.0455,0.0110,0.0583,0.0914,0.7858,0.1684,0.2454,0.4290,0.0000,0.0000,0.0,-0.7064,3.7228,0.00092667,204.47,4090.3,0
90,1.0370,0.0554,0.0961,0.7835,0.0460,0.0450,0.0110,0.0565,0.0909,0.7846,0.1468,0.2514,0.4427,1.0000,0.1339,7334.0,-0.7083,3.7550,0.00087537,198.59,4050.9,0
91,1.0341,0.0558,0.0956,0.7812,0.0451,0.0452,0.0111,0.0578,0.0910,0.7856,0.1733,0.2330,0.4364,0.0000,0.0000,0.0,-0.7017,3.7761,0.00082525,198.36,4050.9,0
92,1.0361,0.0555,0.0960,0.7829,0.0458,0.0451,0.0109,0.0570,0.0918,0.7832,0.1535,0.2715,0.4331,0.0000,0.0000,0.0,-0.7069,3.7805,0.00077633,201.17,4090.3,0
93,1.0332,0.0553,0.0952,0.7808,0.0456,0.0452,0.0109,0.0567,0.0912,0.7832,0.1496,0.2343,0.4249,0.0000,0.0000,0.0,-0.7066,3.7257,0.00072867,199.15,4090.3,0
94,1.0322,0.0550,0.0954,0.7829,0.0444,0.0452,0.0108,0.0568,0.0910,0.7817,0.1410,0.2430,0.4530,0.0000,0.0000,0.0,-0.7056,3.7499,0.00068228,201.26,4090.3,0
95,1.0304,0.0553,0.0954,0.7807,0.0451,0.0452,0.0110,0.0579,0.0910,0.7813,0.1608,0.2499,0.4337,0.0000,0.0000,0.0,-0.7067,3.7083,0.00063721,199.92,4050.9,0
96,1.0306,0.0552,0.0957,0.7796,0.0445,0.0448,0.0108,0.0586,0.0915,0.7828,0.1740,0.2652,0.4468,0.0000,0.0000,0.0,-0.7050,3.7632,0.00059348,201.53,4050.9,0
97,1.0314,0.0553,0.0953,0.7802,0.0448,0.0453,0.0106,0.0567,0.0911,0.7817,0.1451,0.2516,0.4293,0.0000,0.0000,0.0,-0.7045,3.7720,0.00055113,199.63,4050.9,0
98,1.0284,0.0543,0.0951,0.7786,0.0447,0.0451,0.0108,0.0579,0.0911,0.7836,0.1622,0.2597,0.4522,0.0000,0.0000,0.0,-0.7048,3.7396,0.00051018,201.53,4090.3,0
99,1.0305,0.0552,0.0950,0.7793,0.0452,0.0451,0.0107,0.0567,0.0907,0.7818,0.1566,0.2408,0.4397,0.0000,0.0000,0.0,-0.7036,3.7516,0.00047068,196.87,4050.9,0
100,1.0297,0.0549,0.0947,0.7806,0.0441,0.0449,0.0106,0.0572,0.0906,0.7816,0.1630,0.2381,0.4336,0.9993,0.1315,4904.8,-0.7033,3.7226,0.00043264,200.87,4050.9,0
101,1.0277,0.0548,0.0942,0.7784,0.0448,0.0449,0.0106,0.0574,0.0908,0.7822,0.1636,0.2532,0.4149,0.0000,0.0000,0.0,-0.7018,3.7432,0.00039609,199.90,4090.3,0
102,1.0294,0.0550,0.0949,0.7791,0.0449,0.0450,0.0106,0.0568,0.0911,0.7848,0.1575,0.2648,0.4659,0.0000,0.0000,0.0,-0.7024,3.7626,0.00036106,199.82,4050.9,0
103,1.0266,0.0541,0.0943,0.7791,0.0451,0.0449,0.0106,0.0567,0.0912,0.7818,0.1460,0.2261,0.4228,0.0000,0.0000,0.0,-0.7004,3.7296,0.00032758,198.00,4050.9,0
104,1.0279,0.0549,0.0947,0.7788,0.0442,0.0448,0.0106,0.0574,0.0910,0.7834,0.1661,0.2503,0.4549,0.0000,0.0000,0.0,-0.7019,3.7788,0.00029567,201.15,4090.3,0
105,1.0231,0.0551,0.0942,0.7753,0.0446,0.0451,0.0106,0.0572,0.0910,0.7816,0.1615,0.2449,0.4423,0.0000,0.0000,0.0,-0.6999,3.6862,0.00026535,200.50,4050.9,0
106,1.0271,0.0550,0.0946,0.7780,0.0444,0.0448,0.0105,0.0576,0.0909,0.7804,0.1691,0.2490,0.4336,0.0000,0.0000,0.0,-0.7010,3.8049,0.00023664,198.54,4050.9,0
107,1.0235,0.0551,0.0944,0.7765,0.0447,0.0446,0.0105,0.0572,0.0911,0.7816,0.1616,0.2569,0.4460,0.0000,0.0000,0.0,-0.7006,3.6509,0.00020957,200.00,4090.3,0
108,1.0257,0.0543,0.0942,0.7772,0.0447,0.0447,0.0105,0.0567,0.0909,0.7864,0.1554,0.2475,0.4639,0.0000,0.0000,0.0,-0.7007,3.6671,0.00018415,201.25,4090.3,0
109,1.0273,0.0545,0.0949,0.7782,0.0446,0.0448,0.0104,0.0566,0.0909,0.7801,0.1524,0.2371,0.4376,0.0000,0.0000,0.0,-0.7000,3.7217,0.00016040,201.92,4050.9,0
110,1.0231,0.0541,0.0940,0.7758,0.0441,0.0445,0.0105,0.0567,0.0910,0.7799,0.1512,0.2582,0.4272,0.9996,0.1419,4483.9,-0.6996,3.7271,0.00013835,199.54,4090.3,0
111,1.0227,0.0544,0.0942,0.7776,0.0442,0.0450,0.0105,0.0574,0.0911,0.7807,0.1628,0.2537,0.4394,0.0000,0.0000,0.0,-0.6995,3.6633,0.00011800,203.03,4050.9,0
112,1.0249,0.0540,0.0942,0.7771,0.0443,0.0449,0.0105,0.0577,0.0913,0.7803,0.1686,0.2642,0.4317,0.0000,0.0000,0.0,-0.6997,3.6563,0.00009937,201.92,4050.9,0
113,1.0246,0.0542,0.0941,0.7766,0.0445,0.0449,0.0104,0.0577,0.0912,0.7814,0.1698,0.2574,0.4438,0.0000,0.0000,0.0,-0.7000,3.6655,0.00008247,199.93,4090.3,0
114,1.0226,0.0537,0.0943,0.7754,0.0443,0.0445,0.0105,0.0565,0.0906,0.7798,0.1542,0.2445,0.4282,0.0000,0.0000,0.0,-0.7001,3.6899,0.00006732,199.23,4090.3,0
115,1.0234,0.0540,0.0941,0.7765,0.0439,0.0446,0.0103,0.0571,0.0909,0.7817,0.1615,0.2515,0.4483,0.0000,0.0000,0.0,-0.7005,3.5039,0.00005392,202.16,4090.3,0
116,1.0238,0.0546,0.0941,0.7759,0.0439,0.0447,0.0105,0.0571,0.0910,0.7804,0.1604,0.2518,0.4394,0.0000,0.0000,0.0,-0.6997,3.4223,0.00004230,201.02,4090.3,0
117,1.0228,0.0540,0.0938,0.7750,0.0448,0.0446,0.0106,0.0572,0.0910,0.7798,0.1615,0.2467,0.4322,0.0000,0.0000,0.0,-0.6998,3.2551,0.00003244,199.38,4050.9,0
118,1.0242,0.0545,0.0944,0.7757,0.0446,0.0446,0.0105,0.0570,0.0908,0.7804,0.1582,0.2430,0.4422,0.0000,0.0000,0.0,-0.6998,3.1923,0.00002437,199.66,4090.3,0
119,1.0216,0.0539,0.0938,0.7757,0.0446,0.0446,0.0103,0.0569,0.0909,0.7802,0.1592,0.2532,0.4342,0.0000,0.0000,0.0,-0.6997,2.8356,0.00001809,201.34,4090.3,0
120,1.0238,0.0538,0.0934,0.7766,0.0446,0.0448,0.0105,0.0568,0.0909,0.7822,0.1568,0.2541,0.4511,0.9929,0.1149,2640.5,-0.6998,2.5252,0.00001360,201.97,4090.3,0
