epoch,train_loss,val_obj_p3,val_obj_p4,val_f1_p3,val_f1_p4,val_prec_p3,val_rec_p3,val_prec_p4,val_rec_p4,p3_obj_bias,p4_obj_bias,p3_iou_bias,p4_iou_bias,p3_bbox_dw,p4_bbox_dw,p3_bbox_dh,p4_bbox_dh,p3_obj_l2,p3_iou_l2,p3_bbox_l2,p4_obj_l2,p4_iou_l2,p4_bbox_l2,bn_mean_abs,bn_var_avg,grad_norm,lr,epoch_time_s,gpu_mem_mb
1,10.5026,1.5093,1.0448,0.0066,0.1347,0.0816,0.0799,0.4622,0.6208,-1.9369,-1.8983,-1.8005,-1.9209,12.2390,11.0523,11.5755,11.4071,10.9972,11.1508,nan,0.00403000,236.41,4555.3
2,6.8025,1.4186,1.0552,0.0066,0.1335,0.0926,0.0866,0.4294,0.6834,-1.8575,-1.8716,-1.7600,-1.8952,12.1684,11.1713,11.4285,11.3859,11.5208,10.9023,1882.8797,0.00499726,222.51,4555.3
3,6.6254,1.3485,1.0420,0.0066,0.1336,0.1010,0.0888,0.4292,0.6937,-1.8283,-1.8631,-1.7010,-1.8855,12.1726,11.1538,11.3220,11.4165,11.9413,10.7217,1794.8283,0.00498904,222.60,4555.3
4,5.3093,1.3318,0.9730,0.0066,0.1335,0.1229,0.0880,0.7169,0.7077,-1.8013,-1.8563,-1.0833,-1.8800,12.2579,10.9730,11.0430,11.4991,12.1201,10.6366,1559.4000,0.00497536,227.77,4555.3
5,4.2914,1.3404,0.9772,0.0066,0.1334,0.1367,0.0900,0.7303,0.7078,-1.7718,-1.8530,-1.0704,-1.8765,12.3091,10.9080,11.0002,11.7499,12.2632,10.6003,1588.4274,0.00495624,227.67,4555.3
6,4.2127,1.3440,0.9196,0.0066,0.1336,0.1452,0.0913,0.7376,0.7095,-1.7498,-1.8464,-1.0579,-1.8740,12.3241,10.9197,10.9252,12.1009,12.3957,10.5391,2922.8013,0.00493174,221.11,4555.3
7,4.1885,1.3726,0.9379,0.0066,0.1335,0.1559,0.0941,0.7470,0.6999,-1.7337,-1.8411,-1.0479,-1.8685,12.3133,10.9983,10.7995,12.5256,12.4633,10.5124,2944.6817,0.00490191,220.83,4555.3
8,4.1213,1.3615,0.9181,0.0066,0.1335,0.1690,0.0966,0.7574,0.6982,-1.7216,-1.8368,-1.0405,-1.8646,12.3723,11.0679,10.8158,12.9489,12.5117,10.4626,2826.1800,0.00486681,221.54,4555.3
9,4.0833,1.3608,0.9036,0.0066,0.1335,0.1757,0.0989,0.7569,0.7022,-1.7130,-1.8339,-1.0361,-1.8607,12.3791,11.0397,10.6865,13.2849,12.5435,10.3670,2728.2271,0.00482651,220.34,4555.3
10,4.0747,1.3655,0.9233,0.0066,0.1335,0.1786,0.1015,0.7648,0.7090,-1.7094,-1.8274,-1.0317,-1.8563,12.3822,11.0159,10.5441,13.5312,12.4991,10.2832,2764.5211,0.00478111,221.33,4555.3
11,4.0899,1.3731,0.9236,0.0066,0.1335,0.1851,0.1035,0.7614,0.7062,-1.7005,-1.8231,-1.0290,-1.8531,12.3786,11.0012,10.4367,13.7060,12.3876,10.2012,5421.6770,0.00473071,220.20,4555.3
12,4.0408,1.3961,0.8532,0.0066,0.1334,0.1909,0.1061,0.7595,0.7169,-1.6943,-1.8208,-1.0260,-1.8500,12.4003,11.0189,10.3402,13.8926,12.4381,10.1487,5302.3845,0.00467542,221.51,4555.3
13,4.0723,1.3767,0.9281,0.0066,0.1335,0.1971,0.1081,0.7612,0.7054,-1.6900,-1.8167,-1.0195,-1.8459,12.3797,11.0746,10.2868,14.0353,12.4265,10.0761,inf,0.00461535,223.29,4555.3
14,4.0232,1.3421,0.8635,0.0066,0.1350,0.1990,0.1098,0.7561,0.7182,-1.6874,-1.8118,-1.0194,-1.8424,12.3988,11.0764,10.2113,14.1917,12.4555,10.0510,2596.2071,0.00455065,222.06,4555.3
15,4.0235,1.3434,0.7842,0.0066,0.2119,0.2014,0.1109,0.7677,0.7225,-1.6825,-1.8091,-1.0149,-1.8383,12.3992,11.0664,10.1391,14.2889,12.4018,9.9573,2639.7460,0.00448145,221.75,4555.3
16,3.9921,1.3643,0.8108,0.0066,0.1484,0.2049,0.1138,0.7831,0.7222,-1.6787,-1.8077,-1.0143,-1.8346,12.4068,11.0938,10.1006,14.3886,12.3439,9.9413,2586.2555,0.00440790,221.69,4555.3
17,4.0043,1.3403,0.9447,0.0066,0.1337,0.2016,0.1168,0.7724,0.7218,-1.6742,-1.8017,-1.0119,-1.8323,12.3632,11.0693,10.0545,14.4878,12.2392,9.9031,2521.7748,0.00433017,221.12,4555.3
18,4.0101,1.3461,0.7408,0.0066,0.2391,0.2082,0.1170,0.7877,0.7264,-1.6703,-1.7957,-1.0103,-1.8308,12.3879,11.0979,10.0109,14.5359,12.2235,9.8363,5018.4275,0.00424843,221.75,4555.3
19,3.9790,1.3766,0.7100,0.0066,0.2569,0.2128,0.1190,0.7866,0.7276,-1.6665,-1.7943,-1.0092,-1.8253,12.3961,11.0880,9.9732,14.6131,12.2254,9.8082,4911.6809,0.00416286,222.62,4555.3
20,3.9450,1.3493,0.7646,0.0066,0.2041,0.2122,0.1208,0.7929,0.7253,-1.6649,-1.7909,-1.0080,-1.8232,12.3731,11.1063,9.9466,14.6746,12.2202,9.7769,4902.2694,0.00407364,221.87,4555.3
21,3.9672,1.3662,0.7138,0.0066,0.2480,0.2168,0.1222,0.7985,0.7263,-1.6613,-1.7889,-1.0047,-1.8223,12.3960,11.1226,9.9328,14.7438,12.1757,9.7545,4795.0151,0.00398097,221.60,4555.3
22,3.9490,1.3561,0.6439,0.0066,0.3107,0.2166,0.1224,0.8051,0.7282,-1.6585,-1.7842,-1.0027,-1.8201,12.3942,11.1445,9.9196,14.7826,12.1201,9.6691,4939.6375,0.00388506,221.86,4555.3
23,3.9448,1.3587,0.6932,0.0066,0.2637,0.2198,0.1241,0.8056,0.7376,-1.6547,-1.7819,-1.0020,-1.8183,12.3959,11.1464,9.9011,14.8426,12.2062,9.6463,9407.2838,0.00378612,222.27,4555.3
24,3.9285,1.3572,0.5661,0.0066,0.3423,0.2215,0.1247,0.8044,0.7361,-1.6542,-1.7803,-0.9991,-1.8154,12.4374,11.1409,9.8847,14.8891,12.1340,9.6052,9487.6700,0.00368436,221.81,4555.3
25,3.9208,1.3509,0.5937,0.0066,0.3343,0.2214,0.1252,0.8064,0.7354,-1.6507,-1.7784,-0.9980,-1.8137,12.4541,11.1476,9.8730,14.9369,12.1242,9.5819,9497.3603,0.00358001,223.30,4555.3
26,3.9062,1.3596,0.5998,0.0066,0.3344,0.2231,0.1265,0.8092,0.7363,-1.6490,-1.7761,-0.9977,-1.8136,12.5362,11.1576,9.8639,14.9956,12.0626,9.5694,9351.2834,0.00347329,221.59,4555.3
27,3.8930,1.3520,0.5088,0.0066,0.4736,0.2218,0.1267,0.8094,0.7506,-1.6466,-1.7742,-0.9968,-1.8107,12.6593,11.1545,9.8590,15.0525,12.1091,9.5517,9609.2174,0.00336444,220.89,4555.3
28,3.8930,1.3585,0.5903,0.0066,0.3335,0.2230,0.1279,0.8066,0.7574,-1.6448,-1.7731,-0.9960,-1.8100,12.8454,11.1342,9.8530,15.1105,12.1217,9.5256,18166.2236,0.00325371,221.82,4555.3
29,3.8405,1.3631,0.4573,0.0066,0.3814,0.2219,0.1284,0.8110,0.8529,-1.6438,-1.7683,-0.9937,-1.8097,13.0588,11.1328,9.8363,15.1575,11.9749,9.4879,18319.5002,0.00314133,220.81,4555.3
30,3.8163,1.3563,0.4748,0.0066,0.3817,0.2223,0.1284,0.8130,0.8662,-1.6429,-1.7665,-0.9929,-1.8074,13.2826,11.1087,9.8544,15.1986,12.0505,9.4265,18362.1335,0.00302755,221.21,4555.3
31,3.8129,1.3644,0.5040,0.0066,0.3751,0.2235,0.1289,0.8138,0.8718,-1.6411,-1.7657,-0.9915,-1.8067,13.4948,11.0847,9.8098,15.2380,12.0868,9.4129,18241.5988,0.00291263,220.58,4555.3
32,3.8101,1.3676,0.4970,0.0066,0.3762,0.2239,0.1291,0.8152,0.8764,-1.6387,-1.7633,-0.9913,-1.8065,13.7404,11.0590,9.8058,15.2787,12.1177,9.3740,19006.6639,0.00279680,220.87,4555.3
33,3.7908,1.3448,0.5122,0.0066,0.3676,0.2235,0.1292,0.8204,0.8803,-1.6377,-1.7617,-0.9906,-1.8050,13.9513,11.0502,9.8014,15.3225,12.1423,9.3769,35885.5163,0.00268034,222.36,4555.3
34,3.7883,1.3590,0.4692,0.0066,0.3762,0.2239,0.1293,0.8204,0.8818,-1.6371,-1.7608,-0.9905,-1.8032,14.1821,11.0293,9.7893,15.3577,12.1508,9.3677,35481.7335,0.00256349,221.68,4555.3
35,3.7826,1.3600,0.4848,0.0066,0.3902,0.2240,0.1290,0.8223,0.8867,-1.6352,-1.7595,-0.9897,-1.8029,14.4174,11.0246,9.7922,15.3923,12.1839,9.3417,35389.4074,0.00244651,221.19,4555.3
36,3.7767,1.3537,0.5110,0.0066,0.3745,0.2239,0.1292,0.8247,0.8884,-1.6350,-1.7587,-0.9889,-1.8012,14.6080,11.0293,9.7846,15.4139,12.1986,9.3241,36091.8324,0.00232966,221.15,4555.3
37,3.7703,1.3576,0.5015,0.0066,0.3865,0.2237,0.1291,0.8271,0.8897,-1.6335,-1.7567,-0.9887,-1.8015,14.7838,11.0405,9.7836,15.4286,12.2227,9.3154,39213.5186,0.00221320,220.53,4555.3
38,3.7667,1.3416,0.4901,0.0066,0.3895,0.2237,0.1289,0.8266,0.8911,-1.6323,-1.7563,-0.9888,-1.8007,14.9540,11.0462,9.7751,15.4496,12.2316,9.3078,71023.2034,0.00209737,221.08,4555.3
39,3.7567,1.3566,0.5187,0.0066,0.3776,0.2235,0.1291,0.8321,0.8933,-1.6319,-1.7552,-0.9877,-1.8004,15.1112,11.0749,9.7740,15.4674,12.2834,9.2911,70672.3563,0.00198245,220.41,4555.3
40,3.7511,1.3513,0.5234,0.0066,0.3818,0.2237,0.1289,0.8345,0.8959,-1.6308,-1.7540,-0.9875,-1.8005,15.2747,11.0966,9.7723,15.4800,12.3075,9.2892,69570.8389,0.00186867,222.27,4555.3
41,3.7479,1.3426,0.5116,0.0066,0.3891,0.2237,0.1290,0.8364,0.8981,-1.6305,-1.7543,-0.9867,-1.8000,15.4140,11.1189,9.7700,15.4895,12.3403,9.2705,70842.4796,0.00175629,220.89,4555.3
42,3.7470,1.3496,0.5090,0.0066,0.3909,0.2232,0.1292,0.8389,0.8997,-1.6300,-1.7534,-0.9864,-1.7995,15.5510,11.1444,9.7697,15.5031,12.3635,9.2679,inf,0.00164556,221.57,4555.3
43,3.7374,1.3498,0.5050,0.0066,0.3940,0.2237,0.1291,0.8387,0.9016,-1.6291,-1.7531,-0.9867,-1.7997,15.6763,11.1633,9.7686,15.5070,12.3954,9.2657,68865.6997,0.00153671,221.13,4555.3
44,3.7355,1.3337,0.5385,0.0066,0.3774,0.2228,0.1295,0.8439,0.9015,-1.6289,-1.7527,-0.9862,-1.7987,15.7719,11.1965,9.7676,15.5175,12.4159,9.2581,71387.8741,0.00142999,221.68,4555.3
45,3.7279,1.3437,0.5561,0.0066,0.3714,0.2237,0.1295,0.8444,0.9041,-1.6287,-1.7523,-0.9863,-1.7990,15.8732,11.2159,9.7661,15.5252,12.4510,9.2541,68545.2086,0.00132564,221.45,4555.3
46,3.7259,1.3404,0.5270,0.0066,0.3933,0.2232,0.1295,0.8436,0.9059,-1.6285,-1.7519,-0.9867,-1.7986,15.9547,11.2305,9.7651,15.5283,12.4797,9.2520,70034.4476,0.00122388,220.54,4555.3
47,3.7129,1.3338,0.5420,0.0066,0.3884,0.2230,0.1295,0.8460,0.9087,-1.6284,-1.7517,-0.9862,-1.7988,16.0243,11.2561,9.7646,15.5330,12.5250,9.2570,inf,0.00112494,221.64,4555.3
48,3.7165,1.3403,0.5438,0.0066,0.3799,0.2232,0.1298,0.8476,0.9086,-1.6278,-1.7514,-0.9861,-1.7986,16.0941,11.2776,9.7605,15.5383,12.5506,9.2487,67378.9664,0.00102903,221.36,4555.3
49,3.7148,1.3328,0.5645,0.0066,0.3758,0.2228,0.1297,0.8494,0.9106,-1.6278,-1.7513,-0.9862,-1.7982,16.1494,11.2972,9.7619,15.5410,12.6000,9.2393,67367.4514,0.00093636,221.49,4555.3
50,3.7056,1.3410,0.5607,0.0066,0.3859,0.2226,0.1298,0.8495,0.9129,-1.6275,-1.7513,-0.9858,-1.7982,16.1974,11.3116,9.7648,15.5398,12.6432,9.2390,67079.5298,0.00084714,221.37,4555.3
51,3.7075,1.3260,0.5532,0.0066,0.3825,0.2225,0.1298,0.8509,0.9134,-1.6275,-1.7510,-0.9861,-1.7984,16.2370,11.3282,9.7611,15.5433,12.6765,9.2501,68628.4390,0.00076157,220.81,4555.3
52,3.7045,1.3253,0.5607,0.0066,0.3810,0.2227,0.1297,0.8501,0.9138,-1.6274,-1.7509,-0.9856,-1.7982,16.2722,11.3386,9.7606,15.5450,12.7039,9.2498,inf,0.00067983,221.05,4555.3
53,3.6989,1.3296,0.5649,0.0066,0.3824,0.2231,0.1297,0.8518,0.9153,-1.6272,-1.7509,-0.9858,-1.7980,16.3046,11.3538,9.7604,15.5467,12.7413,9.2486,68924.6919,0.00060210,222.78,4555.3
54,3.6965,1.3149,0.5539,0.0066,0.3895,0.2230,0.1294,0.8533,0.9164,-1.6273,-1.7508,-0.9856,-1.7980,16.3242,11.3681,9.7602,15.5433,12.7690,9.2496,68107.0653,0.00052855,221.14,4555.3
55,3.6915,1.3123,0.5693,0.0066,0.3771,0.2231,0.1295,0.8541,0.9179,-1.6271,-1.7508,-0.9857,-1.7979,16.3448,11.3795,9.7600,15.5444,12.8034,9.2495,64978.3604,0.00045935,221.33,4555.3
56,3.6905,1.3045,0.5711,0.0066,0.3859,0.2230,0.1295,0.8548,0.9186,-1.6271,-1.7507,-0.9855,-1.7980,16.3586,11.3901,9.7601,15.5430,12.8271,9.2534,64369.1565,0.00039465,221.79,4555.3
57,3.6875,1.3109,0.5802,0.0066,0.3732,0.2228,0.1295,0.8555,0.9190,-1.6272,-1.7506,-0.9856,-1.7979,16.3695,11.3986,9.7600,15.5424,12.8440,9.2524,inf,0.00033458,221.93,4555.3
58,3.6840,1.3022,0.5678,0.0066,0.3803,0.2227,0.1294,0.8560,0.9198,-1.6271,-1.7506,-0.9857,-1.7979,16.3776,11.4063,9.7601,15.5402,12.8632,9.2524,61479.7410,0.00027929,220.82,4555.3
59,3.6834,1.3021,0.5723,0.0066,0.3817,0.2227,0.1293,0.8560,0.9202,-1.6271,-1.7505,-0.9856,-1.7979,16.3838,11.4116,9.7600,15.5387,12.8759,9.2480,56580.5321,0.00022889,221.94,4555.3
60,3.6844,1.3024,0.5764,0.0066,0.3783,0.2229,0.1293,0.8569,0.9202,-1.6270,-1.7505,-0.9856,-1.7980,16.3884,11.4181,9.7599,15.5388,12.8838,9.2479,55993.3634,0.00018349,220.90,4555.3
61,3.6827,1.2977,0.5816,0.0066,0.3791,0.2227,0.1294,0.8572,0.9204,-1.6271,-1.7505,-0.9856,-1.7979,16.3904,11.4218,9.7599,15.5389,12.8921,9.2480,56286.4080,0.00014319,220.74,4555.3
62,3.6806,1.2956,0.5818,0.0066,0.3804,0.2228,0.1294,0.8574,0.9207,-1.6270,-1.7505,-0.9856,-1.7978,16.3931,11.4248,9.7600,15.5387,12.9015,9.2482,inf,0.00010809,221.41,4555.3
63,3.6816,1.2929,0.5877,0.0066,0.3749,0.2228,0.1294,0.8575,0.9207,-1.6270,-1.7505,-0.9856,-1.7978,16.3942,11.4266,9.7599,15.5389,12.9066,9.2483,53548.3002,0.00007826,221.17,4555.3
64,3.6801,1.2931,0.5807,0.0066,0.3788,0.2228,0.1293,0.8576,0.9209,-1.6270,-1.7505,-0.9856,-1.7978,16.3954,11.4282,9.7599,15.5386,12.9113,9.2483,48497.8517,0.00005376,221.61,4555.3
65,3.6802,1.2939,0.5805,0.0066,0.3799,0.2228,0.1293,0.8577,0.9209,-1.6270,-1.7505,-0.9856,-1.7978,16.3962,11.4294,9.7599,15.5387,12.9138,9.2483,45148.6249,0.00003464,220.49,4555.3
66,3.6797,1.2936,0.5766,0.0066,0.3801,0.2228,0.1293,0.8577,0.9210,-1.6270,-1.7505,-0.9856,-1.7978,16.3961,11.4302,9.7599,15.5386,12.9154,9.2483,40487.8262,0.00002096,220.75,4555.3
67,3.6792,1.2920,0.5799,0.0066,0.3784,0.2228,0.1293,0.8578,0.9210,-1.6270,-1.7505,-0.9856,-1.7978,16.3966,11.4306,9.7599,15.5387,12.9164,9.2483,inf,0.00001274,222.11,4555.3
68,3.9233,1.3575,0.5434,0.0066,0.3745,0.2251,0.1323,0.8369,0.8961,-1.6177,-1.7386,-0.9828,-1.7871,16.7397,11.3860,9.7593,15.6239,12.5440,9.1917,nan,0.00500000,221.35,4555.3
69,3.8525,1.3646,0.6190,0.0066,0.3634,0.2270,0.1356,0.8389,0.9034,-1.6101,-1.7341,-0.9807,-1.7812,17.1980,11.3996,9.7629,15.7257,12.6257,9.1767,17293.9779,0.00499726,221.52,4555.3
70,3.8422,1.3763,0.5343,0.0066,0.4011,0.2286,0.1379,0.8386,0.9036,-1.6051,-1.7272,-0.9800,-1.7763,17.6984,11.4182,9.7192,15.8156,12.6602,9.1648,17008.0703,0.00498904,220.88,4555.3
71,3.8222,1.3370,0.5955,0.0066,0.3733,0.2286,0.1401,0.8418,0.9072,-1.6002,-1.7229,-0.9753,-1.7726,18.1870,11.4523,9.7116,15.8974,12.7486,9.1448,17209.8573,0.00497536,220.54,4555.3
72,3.8408,1.3645,0.5812,0.0066,0.3860,0.2329,0.1427,0.8367,0.9076,-1.5944,-1.7160,-0.9735,-1.7699,18.7090,11.4655,9.6855,15.9919,12.8278,9.1262,17075.4336,0.00495624,221.99,4555.3
73,3.8217,1.4222,0.5331,0.0066,0.4005,0.2327,0.1449,0.8399,0.9128,-1.5889,-1.7125,-0.9711,-1.7682,19.2657,11.5175,9.6457,16.0783,12.9042,9.1158,29082.2286,0.00493174,222.88,4555.3
74,3.8337,1.3929,0.5172,0.0066,0.3997,0.2339,0.1471,0.8399,0.9116,-1.5850,-1.7111,-0.9688,-1.7632,19.8523,11.5487,9.6042,16.1547,13.0156,9.0838,33424.2099,0.00490191,221.82,4555.3
75,3.8185,1.4078,0.5541,0.0066,0.3912,0.2359,0.1500,0.8491,0.9126,-1.5790,-1.7068,-0.9678,-1.7615,20.3563,11.6236,9.5959,16.2374,13.0865,9.0568,33526.6315,0.00486681,221.17,4555.3
76,3.8356,1.3345,0.5169,0.0066,0.4067,0.2368,0.1521,0.8438,0.9039,-1.5733,-1.7025,-0.9662,-1.7585,20.8673,11.6599,9.5829,16.3185,13.1470,9.0377,33945.2985,0.00482651,221.12,4555.3
77,3.8169,1.4037,0.5428,0.0066,0.4393,0.2403,0.1553,0.8413,0.9124,-1.5698,-1.6976,-0.9641,-1.7560,21.3335,11.7226,9.5715,16.4160,13.2838,9.0269,33380.0126,0.00478111,221.13,4555.3
78,3.8269,1.3655,0.5328,0.0066,0.4592,0.2405,0.1575,0.8488,0.9106,-1.5650,-1.6944,-0.9616,-1.7525,21.7699,11.8095,9.5616,16.4950,13.2565,8.9399,58490.2626,0.00473071,221.79,4555.3
79,3.8078,1.4562,0.5300,0.0066,0.4265,0.2426,0.1601,0.8383,0.9177,-1.5611,-1.6900,-0.9587,-1.7500,22.2013,11.9053,9.5551,16.5752,13.4252,8.9196,65999.5813,0.00467542,220.81,4555.3
80,3.8066,1.4886,0.5002,0.0066,0.4317,0.2427,0.1610,0.8427,0.9200,-1.5560,-1.6856,-0.9602,-1.7474,22.6143,11.9996,9.5467,16.6321,13.5246,8.8948,66706.0970,0.00461535,221.35,4555.3
81,3.8046,1.3533,0.5377,0.0066,0.4622,0.2441,0.1627,0.8526,0.9201,-1.5518,-1.6816,-0.9559,-1.7460,22.9920,12.0990,9.5397,16.6961,13.6363,8.8703,66880.9332,0.00455065,221.76,4555.3
82,3.7938,1.3680,0.5059,0.0066,0.4425,0.2474,0.1647,0.8483,0.9234,-1.5478,-1.6801,-0.9540,-1.7423,23.3253,12.2121,9.5304,16.7650,13.7575,8.8532,67085.5105,0.00448145,222.30,4555.3
83,3.7941,1.3369,0.5262,0.0066,0.4494,0.2501,0.1672,0.8564,0.9189,-1.5427,-1.6757,-0.9523,-1.7409,23.6667,12.3419,9.5225,16.8382,13.8962,8.8443,inf,0.00440790,222.29,4555.3
84,3.7827,1.3240,0.5547,0.0066,0.4285,0.2504,0.1694,0.8564,0.9234,-1.5390,-1.6717,-0.9503,-1.7367,23.9435,12.4664,9.5149,16.9160,14.0569,8.8335,64122.6635,0.00433017,221.45,4555.3
85,3.7856,1.3565,0.5415,0.0067,0.4812,0.2510,0.1719,0.8540,0.9272,-1.5355,-1.6675,-0.9501,-1.7363,24.2510,12.5939,9.5045,16.9788,14.2699,8.8199,65866.8455,0.00424843,221.29,4555.3
86,3.7777,1.3247,0.5949,0.0066,0.4446,0.2538,0.1739,0.8643,0.9265,-1.5319,-1.6655,-0.9483,-1.7325,24.5249,12.7559,9.4800,17.0575,14.3661,8.8125,64722.8854,0.00416286,220.59,4555.3
87,3.7801,1.3217,0.5454,0.0067,0.5075,0.2567,0.1764,0.8533,0.9297,-1.5282,-1.6618,-0.9471,-1.7316,24.7447,12.9184,9.4718,17.1234,14.5982,8.8058,64785.7866,0.00407364,221.64,4555.3
88,3.7791,1.3861,0.5586,0.0067,0.5177,0.2572,0.1787,0.8608,0.9321,-1.5258,-1.6593,-0.9445,-1.7290,25.0040,13.0803,9.4619,17.1968,14.7568,8.8058,inf,0.00398097,221.16,4555.3
89,3.7776,1.2997,0.5887,0.0067,0.5119,0.2588,0.1807,0.8599,0.9307,-1.5212,-1.6585,-0.9424,-1.7260,25.2376,13.2710,9.4573,17.2737,14.8862,8.7990,63383.9578,0.00388506,220.80,4555.3
90,3.7773,1.4005,0.5483,0.0066,0.3976,0.2612,0.1810,0.8613,0.9336,-1.5191,-1.6534,-0.9422,-1.7251,25.3428,13.3666,9.5061,17.2878,15.1590,8.7552,63125.0771,0.00378612,222.04,4555.3
91,3.7746,1.3501,0.5609,0.0066,0.4150,0.2611,0.1835,0.8607,0.9340,-1.5172,-1.6507,-0.9414,-1.7231,25.4604,13.4062,9.5704,17.3671,15.1620,8.7411,64359.7470,0.00368436,221.34,4555.3
92,3.7653,1.3378,0.5147,0.0066,0.4442,0.2621,0.1855,0.8670,0.9323,-1.5132,-1.6499,-0.9407,-1.7219,25.6114,13.4886,9.5608,17.4439,15.1522,8.7308,63201.1822,0.00358001,220.31,4555.3
93,3.7624,1.5307,0.4822,0.0066,0.4807,0.2639,0.1879,0.8663,0.9359,-1.5091,-1.6461,-0.9397,-1.7208,25.7553,13.5762,9.5534,17.5194,15.2054,8.7266,inf,0.00347329,221.63,4555.3
94,3.7555,1.3762,0.5309,0.0066,0.4620,0.2649,0.1892,0.8701,0.9338,-1.5070,-1.6454,-0.9372,-1.7179,25.8809,13.6692,9.5507,17.5634,15.2407,8.7224,64194.6498,0.00336444,223.36,4555.3
95,3.7487,1.3382,0.5494,0.0066,0.4572,0.2657,0.1906,0.8715,0.9380,-1.5050,-1.6437,-0.9359,-1.7181,25.9787,13.7709,9.5481,17.6211,15.3948,8.7197,62779.4115,0.00325371,221.92,4555.3
96,3.7439,1.3273,0.5394,0.0066,0.4616,0.2665,0.1926,0.8710,0.9390,-1.5032,-1.6424,-0.9356,-1.7163,26.0504,13.8795,9.5280,17.6892,15.5007,8.7168,62228.2968,0.00314133,222.12,4555.3
97,3.7504,1.3383,0.5539,0.0066,0.4582,0.2670,0.1939,0.8673,0.9375,-1.4998,-1.6390,-0.9343,-1.7159,26.1627,13.9930,9.5297,17.7465,15.6313,8.7129,62055.9926,0.00302755,220.98,4555.3
98,3.7336,1.3413,0.5644,0.0066,0.4538,0.2684,0.1948,0.8717,0.9396,-1.4989,-1.6369,-0.9337,-1.7149,26.2529,14.1045,9.5224,17.7976,15.7923,8.7220,inf,0.00291263,220.62,4555.3
99,3.7376,1.3558,0.5847,0.0066,0.4309,0.2694,0.1975,0.8700,0.9401,-1.4964,-1.6363,-0.9337,-1.7137,26.3315,14.2201,9.5164,17.8682,15.9586,8.7179,60834.5932,0.00279680,220.69,4555.3
100,3.7322,1.3227,0.5331,0.0066,0.4961,0.2690,0.1979,0.8751,0.9398,-1.4953,-1.6351,-0.9328,-1.7131,26.3820,14.3381,9.5144,17.9090,16.1227,8.7137,61949.0535,0.00268034,222.09,4555.3
101,3.7288,1.3207,0.5660,0.0066,0.4922,0.2695,0.1998,0.8749,0.9391,-1.4939,-1.6347,-0.9318,-1.7116,26.4481,14.4690,9.5094,17.9731,16.2862,8.7102,61614.1228,0.00256349,221.57,4555.3
102,3.7304,1.5294,0.5577,0.0066,0.5057,0.2683,0.2006,0.8759,0.9433,-1.4941,-1.6335,-0.9315,-1.7100,26.5276,14.5683,9.4811,18.0164,16.5128,8.7077,62533.3968,0.00244651,222.57,4555.3
103,3.7254,1.3298,0.5629,0.0066,0.5082,0.2672,0.2013,0.8778,0.9432,-1.4912,-1.6318,-0.9314,-1.7100,26.5977,14.6819,9.4680,18.0623,16.6631,8.7005,inf,0.00232966,221.91,4555.3
104,3.7193,1.3269,0.5263,0.0066,0.5414,0.2667,0.2026,0.8788,0.9437,-1.4909,-1.6316,-0.9310,-1.7098,26.6536,14.7993,9.4569,18.1106,16.8396,8.6980,62185.9014,0.00221320,221.20,4555.3
105,3.7075,1.3395,0.5500,0.0066,0.5527,0.2679,0.2029,0.8795,0.9470,-1.4901,-1.6307,-0.9306,-1.7094,26.7074,14.9143,9.4475,18.1398,17.0669,8.6962,60426.4288,0.00209737,222.28,4555.3
106,3.7074,1.3466,0.5281,0.0066,0.5636,0.2672,0.2037,0.8810,0.9464,-1.4887,-1.6303,-0.9302,-1.7087,26.7625,15.0236,9.4398,18.1734,17.2529,8.6947,60598.4531,0.00198245,222.27,4555.3
107,3.7056,1.3249,0.5417,0.0066,0.5492,0.2666,0.2040,0.8837,0.9475,-1.4879,-1.6294,-0.9297,-1.7084,26.7956,15.1225,9.4332,18.2026,17.4612,8.6972,59741.7773,0.00186867,220.27,4555.3
108,3.7029,1.3201,0.5496,0.0066,0.5535,0.2670,0.2048,0.8840,0.9468,-1.4877,-1.6287,-0.9294,-1.7082,26.8226,15.2366,9.4303,18.2334,17.6664,8.6950,inf,0.00175629,221.38,4555.3
109,3.6974,1.3103,0.5403,0.0066,0.5623,0.2662,0.2049,0.8844,0.9475,-1.4865,-1.6288,-0.9294,-1.7077,26.8458,15.3477,9.3880,18.2559,17.9372,8.6937,60703.9997,0.00164556,220.90,4555.3
110,3.6944,1.3198,0.5562,0.0066,0.5641,0.2668,0.2055,0.8857,0.9484,-1.4865,-1.6282,-0.9290,-1.7074,26.8658,15.4612,9.3864,18.2736,18.4316,8.6928,59657.9901,0.00153671,221.44,4555.3
111,3.6935,1.3205,0.5561,0.0066,0.5664,0.2666,0.2059,0.8858,0.9514,-1.4855,-1.6277,-0.9288,-1.7071,26.8906,15.5632,9.3686,18.2898,19.0553,8.6968,61626.5353,0.00142999,221.19,4555.3
112,3.6886,1.3054,0.5626,0.0066,0.5587,0.2660,0.2060,0.8880,0.9539,-1.4855,-1.6278,-0.9281,-1.7069,26.9125,15.6612,9.3666,18.3010,19.3406,8.6943,58929.0564,0.00132564,221.65,4555.3
113,3.6851,1.2721,0.5685,0.0066,0.5536,0.2662,0.2063,0.8895,0.9544,-1.4852,-1.6278,-0.9279,-1.7066,26.9220,15.7513,9.3657,18.3143,19.5445,8.6969,inf,0.00122388,222.23,4555.3
114,3.6854,1.2874,0.5691,0.0066,0.5555,0.2663,0.2064,0.8904,0.9554,-1.4849,-1.6272,-0.9284,-1.7067,26.9395,15.8310,9.3638,18.3218,19.7115,8.6964,58205.3261,0.00112494,220.65,4555.3
115,3.6824,1.2891,0.5601,0.0066,0.5637,0.2662,0.2067,0.8898,0.9563,-1.4849,-1.6273,-0.9278,-1.7066,26.9520,15.9078,9.3628,18.3337,19.8348,8.6957,58124.2617,0.00102903,222.91,4555.3
116,3.6770,1.2787,0.5693,0.0066,0.5626,0.2661,0.2069,0.8920,0.9566,-1.4844,-1.6270,-0.9278,-1.7064,26.9563,15.9770,9.3623,18.3401,19.9206,8.6955,59633.3861,0.00093636,220.16,4555.3
117,3.6751,1.2717,0.5796,0.0066,0.5430,0.2665,0.2069,0.8920,0.9572,-1.4844,-1.6268,-0.9276,-1.7065,26.9641,16.0443,9.3617,18.3451,20.0062,8.6942,58366.0639,0.00084714,220.14,4555.3
118,3.6750,1.2689,0.5712,0.0066,0.5516,0.2667,0.2070,0.8917,0.9580,-1.4842,-1.6267,-0.9276,-1.7064,26.9685,16.1058,9.3612,18.3513,20.0556,8.6939,inf,0.00076157,220.92,4555.3
119,3.6749,1.2387,0.5679,0.0066,0.5510,0.2667,0.2070,0.8919,0.9584,-1.4839,-1.6266,-0.9276,-1.7063,26.9711,16.1658,9.3608,18.3580,20.0889,8.6929,58323.4947,0.00067983,226.31,4555.3
120,3.6716,1.2545,0.5688,0.0066,0.5617,0.2667,0.2070,0.8927,0.9588,-1.4839,-1.6267,-0.9275,-1.7062,26.9737,16.2155,9.3604,18.3611,20.1257,8.6931,57913.7945,0.00060210,225.59,4555.3
121,3.6734,1.2422,0.5806,0.0066,0.5493,0.2664,0.2071,0.8932,0.9589,-1.4836,-1.6265,-0.9276,-1.7062,26.9754,16.2609,9.3601,18.3640,20.1637,8.6932,56222.7674,0.00052855,220.69,4555.3
122,3.6677,1.2393,0.5737,0.0066,0.5516,0.2663,0.2071,0.8943,0.9594,-1.4838,-1.6265,-0.9274,-1.7062,26.9761,16.3020,9.3597,18.3663,20.1852,8.6929,55396.6475,0.00045935,221.67,4555.3
123,3.6659,1.2318,0.5907,0.0066,0.5154,0.2667,0.2072,0.8947,0.9601,-1.4838,-1.6266,-0.9274,-1.7061,26.9775,16.3377,9.3596,18.3672,20.2056,8.6926,inf,0.00039465,221.94,4555.3
124,3.6645,1.2399,0.5743,0.0066,0.5534,0.2667,0.2071,0.8949,0.9604,-1.4837,-1.6264,-0.9273,-1.7061,26.9753,16.3692,9.3597,18.3684,20.2222,8.6912,52365.1304,0.00033458,220.30,4555.3
125,3.6623,1.2372,0.5747,0.0066,0.5574,0.2667,0.2072,0.8951,0.9608,-1.4837,-1.6264,-0.9273,-1.7061,26.9753,16.3956,9.3596,18.3690,20.2305,8.6916,51284.5266,0.00027929,222.25,4555.3
126,3.6607,1.2307,0.5734,0.0066,0.5535,0.2665,0.2072,0.8956,0.9610,-1.4836,-1.6264,-0.9273,-1.7061,26.9734,16.4154,9.3596,18.3708,20.2362,8.6917,51755.1401,0.00022889,221.48,4555.3
127,3.6612,1.2271,0.5795,0.0066,0.5537,0.2666,0.2072,0.8959,0.9612,-1.4837,-1.6264,-0.9273,-1.7060,26.9730,16.4322,9.3596,18.3709,20.2419,8.6911,50526.2214,0.00018349,221.66,4555.3
128,3.6590,1.2222,0.5814,0.0066,0.5374,0.2665,0.2071,0.8961,0.9613,-1.4836,-1.6265,-0.9273,-1.7060,26.9705,16.4452,9.3577,18.3706,20.2473,8.6898,inf,0.00014319,220.54,4555.3
129,3.6579,1.2268,0.5818,0.0066,0.5416,0.2665,0.2072,0.8962,0.9615,-1.4836,-1.6265,-0.9273,-1.7061,26.9697,16.4552,9.3577,18.3711,20.2491,8.6897,47289.3782,0.00010809,221.61,4555.3
130,3.6554,1.2221,0.5765,0.0066,0.5508,0.2666,0.2071,0.8963,0.9616,-1.4836,-1.6264,-0.9273,-1.7060,26.9701,16.4636,9.3577,18.3708,20.2503,8.6897,42365.8714,0.00007826,221.80,4555.3
131,3.6578,1.2204,0.5792,0.0066,0.5433,0.2666,0.2071,0.8964,0.9617,-1.4836,-1.6264,-0.9273,-1.7060,26.9700,16.4698,9.3577,18.3707,20.2533,8.6897,39065.6327,0.00005376,220.98,4555.3
132,3.6566,1.2135,0.5802,0.0066,0.5405,0.2666,0.2071,0.8964,0.9617,-1.4835,-1.6265,-0.9273,-1.7060,26.9692,16.4739,9.3577,18.3706,20.2548,8.6897,35035.7423,0.00003464,220.80,4555.3
133,3.6561,1.2174,0.5847,0.0066,0.5343,0.2666,0.2071,0.8965,0.9618,-1.4836,-1.6265,-0.9272,-1.7059,26.9691,16.4763,9.3577,18.3707,20.2554,8.6897,32057.7968,0.00002096,222.00,4555.3
134,3.6564,1.2203,0.5778,0.0066,0.5496,0.2666,0.2071,0.8965,0.9618,-1.4836,-1.6265,-0.9272,-1.7059,26.9692,16.4777,9.3575,18.3707,20.2559,8.6897,30661.7563,0.00001274,221.32,4555.3
135,3.8302,2.0291,0.5119,0.0066,0.5803,0.2681,0.2118,0.8819,0.9460,-1.4683,-1.6176,-0.9199,-1.6961,27.1628,16.5085,9.3150,18.5698,20.2785,8.6928,60621.6352,0.00500000,220.80,4555.3
136,3.7902,1.4806,0.5229,0.0066,0.5902,0.2673,0.2131,0.8839,0.9474,-1.4628,-1.6121,-0.9142,-1.6920,27.3423,16.5876,9.2948,18.7247,20.3826,8.6896,61183.7692,0.00499726,221.11,4555.3
137,3.7945,2.0938,0.5046,0.0066,0.6084,0.2702,0.2147,0.8812,0.9461,-1.4575,-1.6085,-0.9089,-1.6853,27.5345,16.7076,9.2796,18.8744,20.7351,8.6299,inf,0.00498904,221.75,4555.3
138,3.7782,1.4462,0.5631,0.0066,0.5501,0.2699,0.2170,0.8840,0.9487,-1.4535,-1.6006,-0.9040,-1.6838,27.6891,16.8173,9.2569,19.0237,21.0633,8.6353,58280.6125,0.00497536,222.18,4555.3
139,3.7873,1.3340,0.5827,0.0066,0.4901,0.2722,0.2203,0.8861,0.9499,-1.4446,-1.5984,-0.9011,-1.6780,27.8641,16.9381,9.2505,19.2044,21.2840,8.6070,60420.9824,0.00495624,220.48,4555.3
140,3.7850,1.3543,0.5720,0.0066,0.5379,0.2731,0.2234,0.8879,0.9496,-1.4408,-1.5938,-0.8989,-1.6760,28.0413,17.0790,9.2367,19.3829,21.5481,8.5969,60979.0912,0.00493174,220.09,4555.3
141,3.7826,1.3362,0.5367,0.0066,0.5806,0.2743,0.2257,0.8841,0.9501,-1.4346,-1.5898,-0.8941,-1.6722,28.2679,17.2323,9.2361,19.5744,21.8489,8.6574,58850.0458,0.00490191,221.90,4555.3
141,3.6897,1.3115,0.6059,0.0066,0.4036,0.2741,0.2227,0.8950,0.9578,-1.4406,-1.5931,-0.8978,-1.6760,28.0417,17.1191,9.2363,19.3801,21.6479,8.5871,inf,0.00098646,237.75,3418.9
142,3.7841,1.3456,0.5251,0.0066,0.5863,0.2759,0.2239,0.8844,0.9507,-1.4331,-1.5887,-0.8936,-1.6713,28.2197,17.2606,9.2333,19.5881,22.0206,8.5784,59205.3093,0.00499726,233.44,3418.9
143,3.7819,1.3069,0.5078,0.0066,0.6112,0.2764,0.2253,0.8862,0.9508,-1.4284,-1.5821,-0.8875,-1.6677,28.4224,17.4063,9.2271,19.8346,22.4370,8.5634,59060.1173,0.00498904,235.47,3418.9
144,3.7680,1.3563,0.6112,0.0067,0.4393,0.2781,0.2284,0.8885,0.9535,-1.4221,-1.5780,-0.8856,-1.6628,28.6098,17.5884,9.2211,20.0883,22.9202,8.6702,inf,0.00497536,235.21,3418.9
145,3.7833,1.4802,0.5658,0.0066,0.4507,0.2808,0.2285,0.8861,0.9525,-1.4156,-1.5701,-0.8791,-1.6588,28.8209,17.7562,9.2171,20.3125,23.3205,8.6098,58962.9767,0.00495624,237.47,3418.9
146,3.7795,1.3006,0.5598,0.0067,0.4699,0.2826,0.2318,0.8859,0.9523,-1.4112,-1.5636,-0.8745,-1.6560,29.0076,17.9134,9.2115,20.5803,23.6139,8.6057,inf,0.00495624,237.87,3418.9
147,3.7682,1.4254,0.5213,0.0067,0.6049,0.2853,0.2324,0.8900,0.9565,-1.4054,-1.5596,-0.8673,-1.6515,29.1264,18.0396,9.2114,20.8077,23.9696,8.6099,57576.0387,0.00493174,230.91,3418.9
146,3.7660,1.2961,0.5566,0.0067,0.5214,0.2821,0.2316,0.8916,0.9562,-1.4130,-1.5657,-0.8754,-1.6559,28.9408,17.8574,9.2118,20.5006,23.5800,8.6037,inf,0.00495624,242.62,2284.6
147,3.7719,1.2845,0.5748,0.0067,0.4957,0.2831,0.2321,0.8882,0.9552,-1.4079,-1.5629,-0.8732,-1.6531,29.0341,17.9954,9.2087,20.6793,23.7569,8.5985,29176.5269,0.00493174,239.02,2284.6
148,3.7722,1.3081,0.6284,0.0067,0.3255,0.2852,0.2337,0.8906,0.9573,-1.4041,-1.5577,-0.8679,-1.6508,29.2043,18.0976,9.2070,20.8526,23.9846,8.5915,28648.2514,0.00490191,240.02,2284.6
149,3.7630,1.3114,0.5688,0.0067,0.5140,0.2868,0.2371,0.8942,0.9556,-1.4007,-1.5553,-0.8648,-1.6463,29.3180,18.1923,9.2048,21.0337,24.3335,8.5947,28579.9115,0.00486681,240.04,2284.6
150,3.7650,1.3061,0.5455,0.0066,0.5593,0.2882,0.2384,0.8934,0.9545,-1.3951,-1.5508,-0.8625,-1.6440,29.4788,18.3197,9.2025,21.1910,24.6300,8.5895,inf,0.00482651,239.66,2284.6
151,3.7571,1.3620,0.5903,0.0066,0.4367,0.2897,0.2396,0.8934,0.9566,-1.3913,-1.5468,-0.8577,-1.6421,29.6228,18.4859,9.1739,21.3652,24.9407,8.5853,28604.7344,0.00478111,239.98,2284.6
152,3.7626,1.3231,0.6415,0.0068,0.3412,0.2925,0.2415,0.8906,0.9594,-1.3867,-1.5439,-0.8554,-1.6380,29.7800,18.6602,9.1686,21.5424,25.2327,8.5824,28339.5054,0.00473071,240.71,2284.6
153,3.7552,1.3154,0.6621,0.0067,0.2795,0.2940,0.2415,0.8941,0.9599,-1.3842,-1.5399,-0.8509,-1.6372,29.8881,18.8008,9.1624,21.7080,25.5945,8.5438,28162.0460,0.00467542,240.31,2284.6
154,3.7581,1.3012,0.6537,0.0067,0.3181,0.2937,0.2438,0.8939,0.9584,-1.3817,-1.5364,-0.8467,-1.6325,29.9309,18.9710,9.1586,21.8924,25.8575,8.5691,28545.5440,0.00461535,241.08,2284.6
155,3.7488,0.0000,0.5664,0.0000,0.4602,0.2998,0.2447,0.8933,0.9605,-1.3765,-1.5338,-0.8468,-1.6302,30.0110,19.1540,9.1568,22.0677,26.1312,8.5462,inf,0.00455065,238.15,4453.1
156,3.7581,0.0000,0.6955,0.0000,0.2415,0.3006,0.2471,0.8971,0.9619,-1.3732,-1.5299,-0.8434,-1.6291,30.1094,19.2419,9.1530,21.9992,26.2587,8.7422,27263.3107,0.00448145,233.23,4453.1
157,3.7462,0.0000,0.7450,0.0000,0.2324,0.3036,0.2484,0.8979,0.9580,-1.3698,-1.5275,-0.8394,-1.6268,30.2044,19.4047,9.1517,22.0639,26.1019,8.7391,28011.3725,0.00440790,240.05,4453.1
158,3.7441,0.0000,0.7317,0.0000,0.2391,0.3053,0.2502,0.9015,0.9583,-1.3692,-1.5239,-0.8367,-1.6233,30.2632,19.5530,9.1483,22.1361,26.1524,8.7358,27786.2562,0.00433017,238.04,4453.1
159,3.7424,0.0000,0.7493,0.0000,0.2249,0.3068,0.2480,0.9008,0.9575,-1.3646,-1.5214,-0.8350,-1.6224,30.3259,19.7117,9.1186,22.2001,26.1571,8.6573,28168.1085,0.00424843,239.76,4453.1
160,3.7395,0.0000,0.6424,0.0000,0.2907,0.3098,0.2493,0.9004,0.9594,-1.3629,-1.5184,-0.8322,-1.6193,30.4036,19.9298,9.1142,22.2889,26.2033,8.6534,27926.2696,0.00416286,239.99,4453.1
161,3.7399,0.0000,0.6529,0.0000,0.2878,0.3096,0.2523,0.9013,0.9606,-1.3609,-1.5142,-0.8315,-1.6170,30.5312,20.1611,9.1109,22.4013,26.3056,8.6508,inf,0.00407364,239.69,4453.1
162,3.7379,0.0000,0.7103,0.0000,0.2368,0.3151,0.2545,0.9031,0.9610,-1.3584,-1.5132,-0.8277,-1.6148,30.6113,20.3503,9.1019,22.5157,26.5153,8.6441,27331.0860,0.00398097,240.92,4453.1
163,3.7348,0.0000,0.7721,0.0000,0.2099,0.3164,0.2555,0.9038,0.9613,-1.3555,-1.5094,-0.8251,-1.6129,30.6461,20.4851,9.0978,22.6000,26.6893,8.6411,27793.3575,0.00388506,236.30,4453.1
164,3.7276,0.0000,0.7366,0.0000,0.2325,0.3170,0.2574,0.9068,0.9628,-1.3536,-1.5069,-0.8235,-1.6113,30.7152,20.6447,9.0975,22.7172,26.9580,8.6384,27289.2899,0.00378612,238.73,4453.1
165,3.7357,0.0000,0.6841,0.0000,0.2632,0.3172,0.2574,0.9054,0.9613,-1.3515,-1.5052,-0.8210,-1.6080,30.7758,20.8232,9.0964,22.7664,27.1762,8.6298,28125.0422,0.00368436,239.44,4453.1
166,3.7263,0.0000,0.7077,0.0000,0.2534,0.3170,0.2598,0.9055,0.9632,-1.3503,-1.5027,-0.8198,-1.6085,30.8529,20.9777,9.0948,22.8432,27.3280,8.6160,inf,0.00358001,231.24,4453.1
167,3.7212,0.0000,0.6813,0.0000,0.2720,0.3180,0.2590,0.9027,0.9634,-1.3486,-1.5012,-0.8181,-1.6061,30.9034,21.1266,9.0915,22.8895,27.4906,8.6164,26983.7865,0.00347329,220.47,4453.1
168,3.7250,0.0000,0.6340,0.0000,0.3022,0.3207,0.2604,0.9068,0.9640,-1.3469,-1.4998,-0.8175,-1.6053,30.9280,21.1115,9.0930,22.9733,27.6997,8.6068,27888.7879,0.00336444,229.99,4453.1
169,3.7209,0.0000,0.6457,0.0000,0.2979,0.3215,0.2616,0.9067,0.9642,-1.3451,-1.4966,-0.8153,-1.6047,31.0116,21.1561,9.0896,23.0655,27.9135,8.6037,27881.4461,0.00325371,234.45,4453.1
170,3.7174,0.0000,0.6427,0.0000,0.3047,0.3225,0.2623,0.9062,0.9646,-1.3453,-1.4974,-0.8112,-1.6037,31.0775,21.2155,9.0878,23.1228,28.0630,8.6007,27603.6719,0.00314133,230.98,4453.1
171,3.7170,0.0000,0.7085,0.0000,0.2487,0.3259,0.2635,0.9063,0.9637,-1.3434,-1.4950,-0.8116,-1.6018,31.0995,21.2559,9.0866,23.1910,28.2249,8.5999,inf,0.00302755,222.88,4453.1
172,3.7135,0.0000,0.8091,0.0000,0.1994,0.3279,0.2643,0.9050,0.9650,-1.3429,-1.4944,-0.8118,-1.6018,31.1093,21.2943,9.0840,23.2217,28.3016,8.5968,27991.7631,0.00291263,204.06,4453.1
173,3.7087,0.0000,0.7466,0.0000,0.2331,0.3259,0.2644,0.9062,0.9667,-1.3418,-1.4942,-0.8099,-1.6004,31.0661,21.3083,9.0849,23.2442,28.3948,8.5973,27531.9109,0.00279680,212.67,4453.1
174,3.7046,0.0000,0.7608,0.0000,0.2269,0.3268,0.2648,0.9082,0.9665,-1.3410,-1.4925,-0.8094,-1.6017,31.0528,21.3327,9.0848,23.2669,28.4903,8.5960,26564.5937,0.00268034,207.35,4453.1
175,3.7071,0.0000,0.6682,0.0000,0.3097,0.3264,0.2648,0.9078,0.9671,-1.3409,-1.4915,-0.8099,-1.6004,31.0606,21.3648,9.0844,23.2733,28.5180,8.5951,25772.9483,0.00256349,210.83,4453.1
176,3.6954,0.0000,0.6635,0.0000,0.3009,0.3266,0.2642,0.9102,0.9669,-1.3396,-1.4905,-0.8086,-1.6003,31.0707,21.3880,9.0844,23.2857,28.5992,8.5950,26843.2660,0.00244651,213.84,4453.1
177,3.6988,0.0000,0.6858,0.0000,0.2630,0.3269,0.2644,0.9090,0.9673,-1.3396,-1.4909,-0.8084,-1.5994,31.0773,21.4368,9.0808,23.3111,28.6817,8.5531,27965.9384,0.00232966,222.20,4453.1
178,3.6946,0.0000,0.6531,0.0000,0.2998,0.3286,0.2648,0.9114,0.9679,-1.3389,-1.4907,-0.8074,-1.5984,31.0660,21.5006,9.0799,23.3517,28.7597,8.5506,28160.5334,0.00221320,235.38,4453.1
179,3.6884,0.0000,0.6383,0.0000,0.3237,0.3277,0.2647,0.9117,0.9681,-1.3381,-1.4897,-0.8067,-1.5982,31.0766,21.5787,9.0783,23.3741,28.8651,8.5510,inf,0.00209737,233.53,4453.1
180,3.6886,0.0000,0.7035,0.0000,0.2627,0.3274,0.2650,0.9131,0.9685,-1.3377,-1.4883,-0.8058,-1.5976,31.0858,21.6629,9.0780,23.3982,28.9503,8.5501,27300.5440,0.00198245,232.66,4453.1
181,3.6861,0.0000,0.7929,0.0000,0.2106,0.3278,0.2669,0.9148,0.9682,-1.3373,-1.4886,-0.8056,-1.5968,31.0776,21.7503,9.0727,23.4368,29.0656,8.5312,25538.9384,0.00186867,231.22,4453.1
182,3.6881,0.0000,0.6968,0.0000,0.2616,0.3293,0.2664,0.9141,0.9691,-1.3367,-1.4876,-0.8060,-1.5974,31.0827,21.8373,9.0722,23.4545,29.1528,8.5242,26674.1417,0.00175629,228.75,4453.1
183,3.6792,0.0000,0.7013,0.0000,0.2614,0.3293,0.2666,0.9146,0.9691,-1.3361,-1.4872,-0.8048,-1.5966,31.0855,21.9011,9.0710,23.4776,29.2387,8.5085,26681.4679,0.00164556,225.97,4453.1
184,3.6779,0.0000,0.7166,0.0000,0.2535,0.3285,0.2664,0.9157,0.9700,-1.3366,-1.4871,-0.8047,-1.5961,31.0818,21.9684,9.0707,23.4865,29.3086,8.5078,inf,0.00153671,224.73,4453.1
185,3.6787,0.0000,0.7733,0.0000,0.2170,0.3297,0.2672,0.9156,0.9701,-1.3354,-1.4870,-0.8039,-1.5960,31.0894,22.0372,9.0626,23.5052,29.3707,8.5072,25766.6320,0.00142999,223.62,4453.1
186,3.6780,0.0000,0.7786,0.0000,0.2217,0.3298,0.2668,0.9169,0.9702,-1.3358,-1.4866,-0.8038,-1.5957,31.0850,22.0864,9.0606,23.5144,29.4324,8.5065,27258.0102,0.00132564,221.97,4453.1
187,3.6727,0.0000,0.7487,0.0000,0.2303,0.3303,0.2675,0.9160,0.9710,-1.3354,-1.4867,-0.8033,-1.5960,31.0847,22.1630,9.0604,23.5247,29.4680,8.5052,26479.2503,0.00122388,223.16,4453.1
188,3.6728,0.0000,0.7759,0.0000,0.2163,0.3287,0.2671,0.9173,0.9708,-1.3355,-1.4861,-0.8032,-1.5957,31.0818,22.2086,9.0589,23.5316,29.5336,8.5060,26342.1419,0.00112494,217.37,4453.1
189,3.6649,0.0000,0.8483,0.0000,0.1962,0.3293,0.2670,0.9185,0.9715,-1.3349,-1.4864,-0.8035,-1.5957,31.0749,22.2582,9.0589,23.5361,29.5753,8.5102,25236.0564,0.00102903,221.23,4453.1
190,3.6654,0.0000,0.7967,0.0000,0.2026,0.3296,0.2672,0.9188,0.9722,-1.3350,-1.4863,-0.8030,-1.5952,31.0753,22.3101,9.0581,23.5413,29.6041,8.5105,25569.5763,0.00093636,219.24,4453.1
191,3.6648,0.0000,0.7888,0.0000,0.2124,0.3298,0.2674,0.9188,0.9724,-1.3347,-1.4859,-0.8030,-1.5951,31.0756,22.3538,9.0573,23.5470,29.6295,8.5118,25070.1415,0.00084714,221.11,4453.1
192,3.6682,0.0000,0.7659,0.0000,0.2192,0.3299,0.2678,0.9197,0.9725,-1.3346,-1.4859,-0.8031,-1.5954,31.0738,22.3889,9.0571,23.5514,29.6545,8.5116,26474.0494,0.00076157,221.12,4453.1
193,3.6638,0.0000,0.8644,0.0000,0.1901,0.3304,0.2679,0.9189,0.9722,-1.3347,-1.4859,-0.8031,-1.5951,31.0686,22.4353,9.0546,23.5558,29.6759,8.5131,25787.2565,0.00067983,220.20,4453.1
194,3.6646,0.0000,0.8496,0.0000,0.1932,0.3299,0.2678,0.9189,0.9726,-1.3343,-1.4857,-0.8030,-1.5952,31.0634,22.4690,9.0530,23.5550,29.6922,8.5106,24682.3534,0.00060210,218.69,4453.1
195,3.6619,0.0000,0.8291,0.0000,0.1978,0.3301,0.2676,0.9197,0.9729,-1.3346,-1.4857,-0.8029,-1.5953,31.0629,22.4888,9.0528,23.5556,29.7029,8.5105,25146.4693,0.00052855,214.54,4453.1
196,3.6600,0.0000,0.8184,0.0000,0.2018,0.3301,0.2676,0.9203,0.9729,-1.3346,-1.4858,-0.8028,-1.5953,31.0602,22.5113,9.0494,23.5566,29.7143,8.5104,26064.0131,0.00045935,218.71,4453.1
197,3.6580,0.0000,0.8867,0.0000,0.1906,0.3301,0.2677,0.9202,0.9730,-1.3345,-1.4855,-0.8028,-1.5953,31.0578,22.5355,9.0497,23.5580,29.7236,8.5105,inf,0.00039465,217.36,4453.1
198,3.6553,0.0000,0.8330,0.0000,0.1959,0.3305,0.2679,0.9205,0.9731,-1.3345,-1.4857,-0.8027,-1.5952,31.0584,22.5486,9.0485,23.5597,29.7309,8.5105,22746.9734,0.00033458,217.78,4453.1
199,3.6513,0.0000,0.8410,0.0000,0.1906,0.3303,0.2677,0.9207,0.9734,-1.3345,-1.4857,-0.8026,-1.5952,31.0563,22.5619,9.0484,23.5582,29.7387,8.5104,23856.8885,0.00027929,214.49,4453.1
200,3.6523,0.0000,0.7834,0.0000,0.2160,0.3300,0.2678,0.9209,0.9735,-1.3344,-1.4857,-0.8026,-1.5952,31.0524,22.5709,9.0484,23.5607,29.7446,8.5104,23551.3690,0.00022889,213.36,4453.1
146,3.7701,1.3170,0.5752,0.0066,0.4283,0.2812,0.2303,0.8872,0.9554,-1.4113,-1.5673,-0.8768,-1.6563,29.0418,17.9127,9.2135,20.5188,23.5467,8.5974,inf,0.00495624,227.26,4553.1
147,3.7719,1.3313,0.5696,0.0066,0.4590,0.2835,0.2342,0.8896,0.9538,-1.4073,-1.5621,-0.8715,-1.6548,29.1568,18.0697,9.2105,20.7309,23.7762,8.6497,57966.9167,0.00493174,225.97,4553.1
148,3.7744,1.3390,0.4913,0.0067,0.6236,0.2845,0.2352,0.8906,0.9547,-1.4041,-1.5602,-0.8673,-1.6495,29.2858,18.1921,9.2057,20.9204,23.9917,8.6492,57226.3963,0.00490191,227.62,4553.1
146,3.7696,1.3117,0.5733,0.0066,0.5077,0.2799,0.2309,0.8887,0.9562,-1.4121,-1.5678,-0.8782,-1.6582,28.9681,17.8744,9.2207,20.4419,23.4767,8.5986,inf,0.00495624,229.22,3418.9
147,3.7762,1.3177,0.6333,0.0067,0.3340,0.2827,0.2332,0.8892,0.9522,-1.4115,-1.5638,-0.8731,-1.6558,29.1015,18.0089,9.2111,20.6161,23.6615,8.5971,28680.1704,0.00493174,226.25,3418.9
146,3.7654,1.2777,0.6178,0.0067,0.3925,0.2818,0.2317,0.8900,0.9576,-1.4134,-1.5675,-0.8762,-1.6548,28.9628,17.8199,9.2130,20.4789,23.4965,8.6071,inf,0.00495624,266.35,2284.6
147,3.7718,1.3098,0.5959,0.0067,0.4352,0.2833,0.2316,0.8898,0.9523,-1.4085,-1.5648,-0.8688,-1.6528,29.1361,17.9617,9.1033,20.6803,23.8567,8.6399,28231.2660,0.00493174,268.46,2284.6
148,3.7661,1.3480,0.5440,0.0066,0.5990,0.2850,0.2343,0.8910,0.9555,-1.4030,-1.5592,-0.8674,-1.6506,29.2546,18.0858,9.1009,20.8593,24.0472,8.5822,28360.0340,0.00490191,266.34,2284.6
149,3.7666,1.3048,0.6565,0.0066,0.2907,0.2864,0.2352,0.8892,0.9573,-1.3998,-1.5549,-0.8647,-1.6481,29.3965,18.2844,9.0948,21.0264,24.2786,8.5801,29267.5280,0.00486681,249.94,2284.6
150,3.7616,1.3249,0.5573,0.0066,0.5755,0.2872,0.2378,0.8903,0.9588,-1.3929,-1.5526,-0.8633,-1.6433,29.5110,18.4463,9.0941,21.1895,24.5117,8.5766,inf,0.00482651,242.52,2284.6
151,3.7638,1.3066,0.5811,0.0067,0.4119,0.2901,0.2392,0.8956,0.9576,-1.3925,-1.5472,-0.8586,-1.6415,29.6261,18.5657,9.0871,21.3618,24.8294,8.5765,27973.4435,0.00478111,240.88,2284.6
152,3.7550,1.3069,0.6415,0.0067,0.3122,0.2918,0.2410,0.8996,0.9579,-1.3888,-1.5428,-0.8537,-1.6399,29.7044,18.7070,9.0835,21.5457,25.0726,8.5741,29002.2692,0.00473071,240.74,2284.6
153,3.7597,1.2987,0.5984,0.0067,0.4394,0.2939,0.2430,0.8950,0.9569,-1.3848,-1.5406,-0.8527,-1.6349,29.7747,18.8310,9.0770,21.7147,25.3410,8.5715,28546.1402,0.00467542,240.50,2284.6
154,3.7533,1.3134,0.6570,0.0067,0.2941,0.2952,0.2438,0.8976,0.9585,-1.3806,-1.5359,-0.8505,-1.6333,29.8463,18.9732,9.0691,21.8721,25.6449,8.5673,28101.0150,0.00461535,241.31,2284.6
155,3.7544,0.0433,0.6322,0.0000,0.3663,0.2983,0.2451,0.8973,0.9589,-1.3783,-1.5328,-0.8455,-1.6287,29.9758,19.1009,9.0441,22.0055,25.8881,8.4439,inf,0.00455065,238.34,4453.1
156,3.7573,0.0433,0.6588,0.0000,0.2981,0.3004,0.2482,0.9001,0.9591,-1.3740,-1.5287,-0.8430,-1.6272,30.1001,19.2541,9.0414,22.1906,26.1091,8.4326,28245.9443,0.00448145,241.20,4453.1
157,3.7552,0.0433,0.6305,0.0000,0.3424,0.3021,0.2499,0.8965,0.9602,-1.3712,-1.5249,-0.8389,-1.6259,30.2121,19.4344,9.0374,22.3545,26.3535,8.4214,28130.7298,0.00440790,241.87,4453.1
158,3.7482,0.0433,0.7704,0.0000,0.1883,0.3080,0.2509,0.8969,0.9609,-1.3693,-1.5222,-0.8348,-1.6224,30.3891,19.5870,9.0342,22.5170,26.6597,8.4142,27839.4136,0.00433017,240.23,4453.1
159,3.7434,0.0433,0.7188,0.0000,0.2258,0.3079,0.2515,0.9010,0.9604,-1.3657,-1.5198,-0.8341,-1.6198,30.4854,19.6941,9.0263,22.6818,26.9469,8.4104,27848.9727,0.00424843,238.45,4453.1
160,3.7438,0.0433,0.7507,0.0000,0.2038,0.3077,0.2537,0.9032,0.9629,-1.3623,-1.5166,-0.8318,-1.6184,30.5542,19.8173,9.0249,22.7745,27.1549,8.4036,28425.3715,0.00416286,238.69,4453.1
161,3.7440,0.0433,0.7136,0.0000,0.2162,0.3102,0.2548,0.8997,0.9630,-1.3612,-1.5145,-0.8279,-1.6155,30.6564,20.0207,9.0201,22.9135,27.4510,8.3963,inf,0.00407364,234.59,4453.1
162,3.7406,0.0433,0.7607,0.0000,0.1978,0.3139,0.2563,0.9039,0.9626,-1.3579,-1.5106,-0.8264,-1.6141,30.7493,20.1618,9.0173,23.0469,27.7474,8.3884,27793.6262,0.00398097,234.51,4453.1
163,3.7257,0.0433,0.7461,0.0000,0.2122,0.3133,0.2576,0.9031,0.9637,-1.3560,-1.5088,-0.8242,-1.6122,30.8139,20.3500,9.0160,23.1438,27.9189,8.3851,27023.6551,0.00388506,232.60,4453.1
164,3.7256,0.0433,0.7495,0.0000,0.2151,0.3164,0.2581,0.9043,0.9636,-1.3536,-1.5054,-0.8229,-1.6123,30.8966,20.5228,9.0138,23.2333,28.1797,8.3775,27277.2558,0.00378612,231.90,4453.1
165,3.7253,0.0433,0.7322,0.0000,0.2271,0.3163,0.2580,0.9032,0.9632,-1.3529,-1.5045,-0.8211,-1.6093,30.9737,20.6647,9.0134,23.3143,28.3981,8.3798,27226.5280,0.00368436,227.09,4453.1
166,3.7295,0.0433,0.7727,0.0000,0.1956,0.3196,0.2601,0.9057,0.9645,-1.3503,-1.5014,-0.8199,-1.6073,31.0302,20.7986,9.0057,23.3984,28.5914,8.3769,inf,0.00358001,231.32,4453.1
167,3.7217,0.0433,0.8629,0.0000,0.1710,0.3192,0.2610,0.9046,0.9658,-1.3487,-1.5001,-0.8178,-1.6060,31.0721,20.9591,9.0079,23.4720,28.7846,8.3745,26719.3042,0.00347329,229.39,4453.1
168,3.7208,0.0433,0.8585,0.0000,0.1654,0.3207,0.2613,0.9060,0.9667,-1.3481,-1.4983,-0.8156,-1.6056,31.0452,21.0189,9.0054,23.5076,28.9548,8.3738,27861.6220,0.00336444,222.40,4453.1
169,3.7231,0.0433,0.7841,0.0000,0.1957,0.3202,0.2617,0.9081,0.9654,-1.3462,-1.4969,-0.8149,-1.6038,31.0363,21.1059,8.9426,23.5752,29.0881,8.3689,27699.1778,0.00325371,233.45,4453.1
170,3.7134,0.0433,0.7447,0.0000,0.2050,0.3210,0.2632,0.9070,0.9674,-1.3440,-1.4947,-0.8146,-1.6030,31.0518,21.2359,8.9418,23.6585,29.2841,8.3756,27444.6426,0.00314133,236.65,4453.1
171,3.7144,0.0433,0.7611,0.0000,0.1967,0.3191,0.2643,0.9101,0.9659,-1.3433,-1.4941,-0.8115,-1.6013,31.0553,21.3586,8.9444,23.7380,29.4813,8.3697,inf,0.00302755,237.67,4453.1
172,3.7089,0.0433,0.8213,0.0000,0.1751,0.3245,0.2648,0.9073,0.9685,-1.3431,-1.4928,-0.8107,-1.5998,31.0805,21.5130,8.9286,23.8163,29.6626,8.3685,26760.4780,0.00291263,236.05,4453.1
173,3.7010,0.0433,0.8172,0.0000,0.1721,0.3231,0.2650,0.9116,0.9683,-1.3403,-1.4918,-0.8103,-1.5988,31.0778,21.6200,8.9318,23.8810,29.8347,8.3676,26994.4500,0.00279680,234.65,4453.1
174,3.7056,0.0433,0.8278,0.0000,0.1649,0.3248,0.2666,0.9130,0.9678,-1.3413,-1.4895,-0.8076,-1.5981,31.1031,21.7649,8.9242,23.9438,29.9456,8.3653,26373.6916,0.00268034,234.91,4453.1
175,3.7031,0.0433,0.7801,0.0000,0.1976,0.3253,0.2668,0.9169,0.9686,-1.3392,-1.4884,-0.8073,-1.5975,31.1274,21.8753,8.9240,23.9827,30.0960,8.3551,27496.9340,0.00256349,230.12,4453.1
176,3.7002,0.0433,0.8373,0.0000,0.1879,0.3259,0.2676,0.9139,0.9689,-1.3387,-1.4874,-0.8076,-1.5969,31.1484,21.9937,8.9205,24.0275,30.2011,8.3542,26483.3336,0.00244651,225.98,4453.1
177,3.6961,0.0433,0.8354,0.0000,0.1837,0.3269,0.2672,0.9135,0.9683,-1.3382,-1.4872,-0.8052,-1.5969,31.1613,22.1017,8.9185,24.0554,30.3349,8.3514,inf,0.00232966,222.78,4453.1
178,3.6960,0.0433,0.8986,0.0000,0.1722,0.3272,0.2687,0.9146,0.9699,-1.3374,-1.4873,-0.8050,-1.5964,31.1899,22.1727,8.9170,24.0919,30.4243,8.3499,26708.8757,0.00221320,222.01,4453.1
179,3.6917,0.0433,0.9359,0.0000,0.1614,0.3269,0.2690,0.9130,0.9701,-1.3363,-1.4862,-0.8060,-1.5958,31.1984,22.2509,8.9157,24.0980,30.5026,8.3490,27908.9107,0.00209737,210.86,4453.1
180,3.6890,0.0433,0.8277,0.0000,0.1859,0.3271,0.2687,0.9154,0.9705,-1.3356,-1.4857,-0.8047,-1.5954,31.2091,22.3187,8.9152,24.1111,30.5485,8.3495,26614.5868,0.00198245,214.70,4453.1
181,3.6906,0.0433,0.8427,0.0000,0.1870,0.3285,0.2693,0.9157,0.9706,-1.3355,-1.4849,-0.8047,-1.5953,31.2215,22.3725,8.9030,24.1248,30.6104,8.3474,27009.1141,0.00186867,222.70,4453.1
